Age,Salary,Department,Experience
-1.2419713836667197,-1.3228756555322954,2,-1.18444612429575
-0.30108397179799284,0.18898223650461363,1,-0.13934660285832365
0.639803440070734,0.0,0,0.5573864114332939
-0.6774389365454836,-0.5669467095138409,2,-0.8360796171499413
1.5806908519394607,1.7008401285415227,0,1.6024859328707204
